Marca temporal,¿Qué plataforma utilizas con mayor frecuencia en tu día a día? ,¿Cuál consideras que es el principal riesgo al que te expones en las redes sociales?,¿Cuántas horas diarias pasas navegando en redes sociales?,¿Cuántas cuentas o perfiles diferentes utilizas activamente?," En una escala del 1 al 10, ¿cuán expuesto te sientes a sufrir estafas o engaños en redes sociales?","En una escala del 1 al 5, ¿Qué tan seguro consideras que es el manejo de tus datos personales por parte de estas aplicaciones?","En una escala del 1 al 5, ¿con qué frecuencia aceptas solicitudes de amistad o seguimiento de personas que no conoces en la vida real?","En una escala del 1 al 5, ¿Cuánto sientes que el uso de redes sociales afecta negativamente tu rendimiento académico, laboral o tus horas de sueño?","En una escala del 1 al 5, ¿Qué tanto compartes tu ubicación en tiempo real, fotos de tu vida privada o información personal sensible?","En una escala del 1 al 5, ¿Qué tan preparado te sientes para identificar y reportar situaciones de ciberacoso o amenazas en línea?"
1/10/2026 17:48:43,Tiktok,Robo de datos / Privacidad,3,4,2,2,2,2,5,3
1/10/2026 17:49:11,Instagram,Contacto con desconocidos,1,4,3,3,1,1,7,5
1/10/2026 17:49:35,WhatsApp,Adicción o pérdida de tiempo,4,4,8,5,4,5,10,1
1/10/2026 18:01:13,WhatsApp,Ciberacoso (Cyberbullying),2,2,2,3,3,2,3,3
1/10/2026 18:59:20,Tiktok,Robo de datos / Privacidad,4,2,8,1,1,5,2,3
1/10/2026 19:56:07,Tiktok,Ciberacoso (Cyberbullying),5,3,1,3,2,1,3,3
1/10/2026 19:56:31,Tiktok,Adicción o pérdida de tiempo,3,2,2,2,2,3,4,
1/10/2026 19:56:48,Facebook,Contacto con desconocidos,4,2,2,1,3,2,6,3
1/10/2026 19:57:04,WhatsApp,Contacto con desconocidos,4,4,6,1,4,4,4,2
1/10/2026 19:57:07,Tiktok,Robo de datos / Privacidad,5,3,8,3,3,2,10,1
1/10/2026 19:57:20,Instagram,Ciberacoso (Cyberbullying),3,3,2,5,4,5,6,4
1/10/2026 19:58:38,Tiktok,Robo de datos / Privacidad,5,2,1,1,1,2,5,5
1/10/2026 19:59:33,WhatsApp,Adicción o pérdida de tiempo,4,4,6,3,3,5,7,2
1/10/2026 19:59:48,Tiktok,Robo de datos / Privacidad,2,5+,1,1,3,4,1,3
1/10/2026 20:00:05,Instagram,Robo de datos / Privacidad,3,1,2,4,2,1,1,1
1/10/2026 20:00:11,Instagram,Robo de datos / Privacidad,4,2,4,1,1,3,1,1
1/10/2026 20:00:26,Facebook,Robo de datos / Privacidad,4,3,1,2,1,1,4,2
1/10/2026 20:00:44,Facebook,Adicción o pérdida de tiempo,1,5+,3,2,4,1,1,2
1/10/2026 20:01:02,Instagram,Ciberacoso (Cyberbullying),1,1,4,1,2,2,9,4
1/10/2026 20:01:19,Instagram,Contacto con desconocidos,4,4,3,1,1,2,2,2
1/10/2026 20:02:25,WhatsApp,Adicción o pérdida de tiempo,2,3,4,1,4,4,1,1
1/10/2026 20:03:46,Instagram,Ciberacoso (Cyberbullying),2,2,2,2,2,2,2,3
1/10/2026 20:04:03,WhatsApp,Contacto con desconocidos,3,5+,4,1,2,2,4,4
1/10/2026 20:07:18,WhatsApp,Ciberacoso (Cyberbullying),3,3,6,4,3,3,4,4
1/10/2026 20:08:44,Tiktok,Contacto con desconocidos,4,3,9,4,5,5,7,1
1/10/2026 20:10:24,Instagram,Ciberacoso (Cyberbullying),1,2,1,4,5,3,5,1
1/10/2026 20:10:25,Facebook,Adicción o pérdida de tiempo,5,5+,4,5,4,5,7,1
1/10/2026 20:10:47,Facebook,Adicción o pérdida de tiempo,5,5+,10,5,5,5,10,5
1/10/2026 20:10:56,WhatsApp,,5,3,3,1,2,1,2,2
1/10/2026 20:11:07,WhatsApp,Ciberacoso (Cyberbullying),5,5+,10,5,5,5,10,1
1/10/2026 20:11:13,WhatsApp,Contacto con desconocidos,1,1,1,3,4,1,2,3
1/10/2026 20:11:31,Tiktok,Adicción o pérdida de tiempo,5,2,1,3,2,4,2,5
1/10/2026 20:13:14,WhatsApp,Contacto con desconocidos,2,2,4,3,3,2,3,4
1/10/2026 20:15:23,Tiktok,Contacto con desconocidos,4,4,7,3,4,5,3,5
1/10/2026 20:15:38,Instagram,,3,4,4,4,2,4,7,1
1/10/2026 20:16:00,Facebook,Ciberacoso (Cyberbullying),3,1,1,3,3,5,6,3
1/10/2026 20:16:44,Facebook,Robo de datos / Privacidad,3,2,8,2,4,2,6,4
1/10/2026 20:17:16,Tiktok,Contacto con desconocidos,4,3,1,1,2,1,3,2
1/10/2026 20:17:39,Tiktok,Contacto con desconocidos,3,2,5,4,5,2,8,2
1/10/2026 20:18:01,Instagram,Ciberacoso (Cyberbullying),4,4,2,2,2,4,2,3
1/10/2026 20:20:41,WhatsApp,Adicción o pérdida de tiempo,5,1,1,3,5,1,5,5
1/10/2026 20:20:55,Instagram,Contacto con desconocidos,1,5+,10,5,5,1,2,2
1/10/2026 20:21:07,Tiktok,Ciberacoso (Cyberbullying),5,5+,1,1,1,1,1,1
1/10/2026 20:21:22,Facebook,Contacto con desconocidos,5,3,1,1,1,1,1,5
1/10/2026 20:22:04,WhatsApp,Adicción o pérdida de tiempo,5,5+,10,5,5,5,1,5
1/10/2026 20:36:29,Tiktok,Adicción o pérdida de tiempo,5,1,4,2,2,5,9,5
1/10/2026 20:39:54,Instagram,Robo de datos / Privacidad,5,3,4,,2,3,2,5
1/10/2026 20:40:08,Tiktok,Ciberacoso (Cyberbullying),1,4,2,5,2,2,6,4
1/10/2026 20:42:37,Instagram,Ciberacoso (Cyberbullying),4,3,7,2,2,4,7,5
1/10/2026 20:42:56,Tiktok,Contacto con desconocidos,4,2,6,3,3,3,8,5
1/10/2026 20:44:15,Instagram,Adicción o pérdida de tiempo,3,5+,4,4,4,3,4,3
2/10/2026 9:46:43,Tiktok,Adicción o pérdida de tiempo,5,1,5,3,3,3,5,3
